{"stats":{"minecraft:custom":{"minecraft:interact_with_furnace":9,"minecraft:mob_kills":1,"minecraft:interact_with_crafting_table":21,"minecraft:leave_game":2,"minecraft:time_since_death":148,"minecraft:sleep_in_bed":1,"minecraft:time_since_rest":169,"minecraft:sprint_one_cm":7920,"minecraft:walk_one_cm":84350,"minecraft:drop":60,"minecraft:damage_dealt":37,"minecraft:fly_one_cm":264942,"minecraft:open_chest":84,"minecraft:crouch_one_cm":1305,"minecraft:play_time":47648,"minecraft:deaths":1,"minecraft:sneak_time":791,"minecraft:walk_under_water_one_cm":4168,"minecraft:jump":111,"minecraft:walk_on_water_one_cm":7,"minecraft:total_world_time":52239,"minecraft:fall_one_cm":209},"minecraft:crafted":{"minecraft:oak_planks":12,"minecraft:crafting_table":1,"minecraft:wooden_pickaxe":1,"minecraft:air":0,"minecraft:stick":4,"minecraft:iron_ingot":3,"minecraft:iron_pickaxe":1,"minecraft:stone_pickaxe":1},"minecraft:mined":{"minecraft:grass_block":3,"minecraft:birch_log":1,"minecraft:iron_ore":3,"minecraft:oak_log":3,"minecraft:dirt":5,"minecraft:stone":1},"minecraft:used":{"minecraft:iron_ore":10,"dragonitemod:dragonite_hoe":1,"minecraft:armor_stand":1,"dragonitemod:dragon_stew":1,"minecraft:stone_pickaxe":3,"minecraft:oak_sign":2,"minecraft:chest":29,"minecraft:wooden_pickaxe":1,"minecraft:stone":1,"minecraft:torch":5,"minecraft:glow_item_frame":20,"minecraft:dirt":2,"minecraft:crafting_table":3,"minecraft:black_bed":1,"dragonitemod:dragonite_boots":1,"minecraft:ender_eye":12,"dragonitemod:block_dragon_altar":5,"minecraft:glowstone":14,"minecraft:furnace":5,"minecraft:end_portal_frame":12,"dragonitemod:block_dragonite":1,"dragonitemod:ore_endstone_dragonite":1,"minecraft:orange_terracotta":11},"minecraft:dropped":{"minecraft:furnace":2,"dragonitemod:block_dragon_altar":1,"dragonitemod:block_dragonite":1,"dragonitemod:dragonite_pickaxe":1,"minecraft:crafting_table":1,"minecraft:diamond_leggings":1,"dragonitemod:dragonite_shovel":2,"minecraft:cobblestone":61,"minecraft:glow_item_frame":2,"minecraft:black_bed":1,"dragonitemod:dragonite_helmet":2,"minecraft:diamond_ore":64,"dragonitemod:dragonite_axe":2,"minecraft:stick":15,"minecraft:dirt":2,"dragonitemod:raw_dragonite":2,"minecraft:diamond_chestplate":1,"minecraft:torch":1,"minecraft:orange_terracotta":4,"dragonitemod:dragonite_bow":2,"dragonitemod:dragonite_leggings":2,"minecraft:glowstone":1,"minecraft:diamond_helmet":1,"minecraft:diamond_boots":1,"dragonitemod:dragonite_hoe":3,"minecraft:wooden_pickaxe":2,"minecraft:stone_pickaxe":1,"minecraft:iron_pickaxe":2,"dragonitemod:dragonite_sword":3,"minecraft:birch_log":2,"dragonitemod:dragonite_chestplate":2,"dragonitemod:dragonite_boots":3,"dragonitemod:ore_endstone_dragonite":64},"minecraft:picked_up":{"minecraft:birch_log":2,"minecraft:crafting_table":1,"minecraft:wooden_pickaxe":1,"dragonitemod:dragonite_hoe":1,"minecraft:oak_log":3,"dragonitemod:raw_dragonite":2,"minecraft:dirt":9,"dragonitemod:ore_endstone_dragonite":65,"dragonitemod:dragonite_shovel":1,"minecraft:furnace":1,"minecraft:stick":5,"minecraft:raw_iron":3,"minecraft:glow_item_frame":2,"dragonitemod:dragonite_bow":1,"dragonitemod:dragonite_sword":2,"dragonitemod:dragonite_axe":1,"minecraft:coal":63,"minecraft:cobblestone":1}},"DataVersion":3465}